Date,0
2014-01-03,0.0011379803502904826
2014-01-06,-0.006075818685105761
2014-01-07,0.00038265803757337596
2014-01-08,0.00742769090249051
2014-01-09,-0.0038206310819177206
2014-01-10,-0.01276986186366069
2014-01-13,-0.012235797415162928
2014-01-14,0.012354916900391533
2014-01-15,0.00517762103044382
2014-01-16,-0.006536189647425255
2014-01-17,-0.004599174414504852
2014-01-21,0.0013788822158237136
2014-01-22,0.005270102699614288
2014-01-23,-0.017714323190946377
2014-01-24,-0.01817720077789011
2014-01-27,0.0015754058669918535
2014-01-28,0.0007703578272628942
2014-01-29,-0.016635407776086283
2014-01-30,0.00940501876169401
2014-01-31,-0.007622462628108857
2014-02-03,-0.027118829282694025
2014-02-04,0.011176403503536672
2014-02-05,0.0052835774492836305
2014-02-06,0.012633007710936173
2014-02-07,0.003911379696699725
2014-02-10,0.0013891527921509595
2014-02-11,0.012678411779141998
2014-02-12,0.006259559712942199
2014-02-13,-0.0004520840186190943
2014-02-14,0.004337935243840442
2014-02-18,-0.004436425263379999
2014-02-19,-0.0005482496281547658
2014-02-20,0.006523467162198138
2014-02-21,-0.004067802069946407
2014-02-24,0.006034547426041986
2014-02-25,-0.00800069282531745
2014-02-26,-0.004155216987507013
2014-02-27,-0.0017045841984966365
2014-02-28,0.004082401161272651
2014-03-03,-0.012193031441637652
2014-03-04,0.02177646878855491
2014-03-05,0.0010071382479299085
2014-03-06,0.006770834121515176
2014-03-07,0.007994429259563838
2014-03-10,-0.0011391595699347245
2014-03-11,-0.005651645678038528
2014-03-12,-0.005643679727057691
2014-03-13,-0.017919751078260025
2014-03-14,-0.0029034842152053505
2014-03-17,0.013824723465882724
2014-03-18,0.001639636106589462
2014-03-19,0.009661385359207741
2014-03-20,0.004046069813469639
2014-03-21,-0.005382136024589067
2014-03-24,-0.005406344606314666
2014-03-25,0.002929152875700276
2014-03-26,-0.00921869492788854
2014-03-27,-0.005459069067890311
2014-03-28,0.008721333832757978
2014-03-31,0.006354883314948478
2014-04-01,0.009462447284578162
2014-04-02,0.008038336142081133
2014-04-03,-0.0025357233260427017
2014-04-04,-0.016852414954284113
2014-04-07,-0.011059859228324339
2014-04-08,0.0001627937998376467
2014-04-09,0.006962770675179878
2014-04-10,-0.02109762711786794
2014-04-11,-0.0070914594848920705
2014-04-14,0.007953218846242002
2014-04-15,0.002369977395778086
2014-04-16,0.007627853005467337
2014-04-17,0.01336075601716135
2014-04-21,0.0022608093933435282
2014-04-22,0.0031846395913025247
2014-04-23,-0.007242348351759237
2014-04-24,0.0013270012058905194
2014-04-25,-0.00816489841313714
2014-04-28,0.0035855272482138104
2014-04-29,0.005530235483623174
2014-04-30,-0.005244886436434886
2014-05-01,-0.0064812352809160935
2014-05-02,-0.003118623302424629
2014-05-05,0.004197432787459791
2014-05-06,-0.007876133057260197
2014-05-07,0.0025889788942981646
2014-05-08,0.0010242731743673739
2014-05-09,0.004126308275513466
2014-05-12,0.01077676502324613
2014-05-13,-0.005511204490571128
2014-05-14,-0.01445373352097166
2014-05-15,-0.012145154626666902
2014-05-16,0.0047937543040555124
2014-05-19,0.005151708877517078
2014-05-20,-0.008193262512633297
2014-05-21,0.00928919026463945
2014-05-22,0.004243663505939469
2014-05-23,-0.00044204742686429445
2014-05-27,0.0007327097632227426
2014-05-28,-0.013583565544401382
2014-05-29,0.004685566865793122
2014-05-30,0.002736510326914941
2014-06-02,0.012779716722341815
2014-06-03,0.00897899942288255
2014-06-04,0.0031343166287480725
2014-06-05,0.0005113174810343667
2014-06-06,0.004777553787701037
2014-06-09,0.003019825130400795
2014-06-10,0.0032060812521574533
2014-06-11,-0.0013676752827654886
2014-06-12,-0.012535159381824822
2014-06-13,0.004652392491988595
2014-06-16,-0.0005749354516234085
2014-06-17,0.010137229882268499
2014-06-18,-0.0017647299023886625
2014-06-19,0.002141367144622523
2014-06-20,0.0013421466429427262
2014-06-23,-0.00023197709164314497
2014-06-24,-0.00955622317128662
2014-06-25,-0.001266947119574344
2014-06-26,-0.006057932714120649
2014-06-27,0.0022527989018235545
2014-06-30,-0.0027590668655411927
2014-07-01,0.011396576344779873
2014-07-02,0.01041302779048932
2014-07-03,0.006311342212251721
2014-07-07,-0.007069133788682498
2014-07-08,-0.012272322098582457
2014-07-09,-3.6822825074635506e-05
2014-07-10,-0.004846432652401341
2014-07-11,-0.0010183491769906769
2014-07-14,0.007476012903015299
2014-07-15,-0.001160378740767308
2014-07-16,0.000785481507902201
2014-07-17,-0.01719718511198936
2014-07-18,0.00757948275154739
2014-07-21,-0.0030073223739074508
2014-07-22,0.0017066357038205966
2014-07-23,0.0007271816763120872
2014-07-24,0.007532122974852513
2014-07-25,-0.009344984093442692
2014-07-28,0.003721251918349585
2014-07-29,-0.007406931701773347
2014-07-30,0.014711240310884638
2014-07-31,-0.011808033093015691
2014-08-01,-0.00977983136069581
2014-08-04,0.002056160985888828
2014-08-05,-0.007126282860251892
2014-08-06,-0.001443120119641687
2014-08-07,-0.011510143781063615
2014-08-08,0.005391330683759389
2014-08-11,0.0024806951700370892
2014-08-12,0.002637117801399259
2014-08-13,-0.000767743279223106
2014-08-14,0.0004410174371798155
2014-08-15,-0.009310170081167683
2014-08-18,0.012198077298366429
2014-08-19,0.005997917766073316
2014-08-20,0.004962436011677824
2014-08-21,-0.0013777410413708432
2014-08-22,-0.001862017179642596
2014-08-25,0.00019356325533824914
2014-08-26,0.0013000451460404758
2014-08-27,-0.00502057560709035
2014-08-28,-0.005615479404054629
2014-08-29,0.003528368831600736
2014-09-02,0.012442296557977512
2014-09-03,-0.0019586314325095674
2014-09-04,0.005336465610623337
2014-09-05,0.005132513226093911
2014-09-08,-0.0005485099733288858
2014-09-09,0.001051079307438107
2014-09-10,0.007586993524732114
2014-09-11,5.506659364357819e-05
2014-09-12,0.009318638686891298
2014-09-15,-0.003961327880738848
2014-09-16,0.004165009640494083
2014-09-17,0.002472768141549452
2014-09-18,0.007364401401002274
2014-09-19,-0.006728295803463223
2014-09-22,-0.008087602185803053
2014-09-23,-0.008337785785980413
2014-09-24,0.010010405836666444
2014-09-25,-0.018914817096031683
2014-09-26,0.008928606029856487
2014-09-29,-0.008533814469881109
2014-09-30,0.0010466583499255772
2014-10-01,-0.02510929428002474
2014-10-02,0.005787090405885375
2014-10-03,0.008136092985717953
2014-10-06,-0.004552347859628292
2014-10-07,-0.02171145803222819
2014-10-08,0.006967747402533577
2014-10-09,-0.013042065998960108
2014-10-10,-0.010363006905038039
2014-10-13,-0.013620769553943672
2014-10-14,-0.013302472089383895
2014-10-15,-0.026486755059238556
2014-10-16,0.011966279325420631
2014-10-17,0.016137242175621125
2014-10-20,0.002173000392879821
2014-10-21,0.016552670003737426
2014-10-22,-0.000609263551540804
2014-10-23,0.015507782971150026
2014-10-24,0.003865394660179954
2014-10-27,-0.003727242685479543
2014-10-28,0.011877727702478233
2014-10-29,0.0059406813506680985
2014-10-30,0.000614986879908149
2014-10-31,0.012170349358838154
2014-11-03,0.002149448901564979
2014-11-04,-0.0027237738128946974
2014-11-05,0.004774594292888675
2014-11-06,0.006493902151566394
2014-11-07,-0.010544073324689813
2014-11-10,0.009919124289986888
2014-11-11,0.000587386140675757
2014-11-12,-0.0005903327098541219
2014-11-13,-0.0017221450968151115
2014-11-14,-0.004484139347726939
2014-11-17,0.0038745475811015617
2014-11-18,-1.628955345879231e-05
2014-11-19,0.004063389794670945
2014-11-20,-0.0015524584392224456
2014-11-21,-0.0003069505187313329
2014-11-24,0.0008510728912365179
2014-11-25,-0.009443491160467877
2014-11-26,-0.0029472176897095918
2014-11-28,-0.008754327450861781
2014-12-01,0.00024012448474228665
2014-12-02,0.01572258094276619
2014-12-03,0.0026045352115917388
2014-12-04,-0.0059793049881411
2014-12-05,0.009762883351401663
2014-12-08,-0.013134397681878317
2014-12-09,-0.0067544213124677765
2014-12-10,-0.01918808001271963
2014-12-11,0.00437158907738855
2014-12-12,-0.023824739835630458
2014-12-15,-0.0013526226025680197
2014-12-16,-0.01371349749750251
2014-12-17,0.026691062838057777
2014-12-18,0.024533509741536806
2014-12-19,-0.0023784197078508327
2014-12-22,-0.0002999431003445504
2014-12-23,0.018248020156119826
2014-12-24,0.0011550758824945351
2014-12-26,-0.0004987008769739582
2014-12-29,-0.0072015904086215115
2014-12-30,-0.006033381859169892
2014-12-31,-0.009888377034992225
2015-01-02,-0.008962838488840448
2015-01-05,-0.027216580226892703
2015-01-06,-0.02055417802028
2015-01-07,0.005099484008074515
2015-01-08,0.023132826726123233
2015-01-09,-0.014093337440075897
2015-01-12,-0.0170324589895703
2015-01-13,-0.006178316142256316
2015-01-14,-0.014875220789104852
2015-01-15,-0.019307903197365354
2015-01-16,0.016914971810916703
2015-01-20,-0.0008377345156319346
2015-01-21,0.01288745388868256
2015-01-22,0.018268766613234788
2015-01-23,-0.02032783844163699
2015-01-26,0.0039533562580467176
2015-01-27,-0.008743945577172464
2015-01-28,-0.03092564336550338
2015-01-29,0.011909678645379198
2015-01-30,-0.02559583667667349
2015-02-02,0.00724961083399452
2015-02-03,0.033399718881283194
2015-02-04,0.0013032911356801527
2015-02-05,0.010130031752356095
2015-02-06,0.0241739816432091
2015-02-09,-0.0004950688054476955
2015-02-10,0.015104936381014455
2015-02-11,-0.0006205913496029469
2015-02-12,0.005356341178355673
2015-02-13,0.00942781825262937
2015-02-17,0.02477663996553461
2015-02-18,-0.015198687244390358
2015-02-19,0.008360161212374848
2015-02-20,0.007432982546877681
2015-02-23,-0.014305613425381877
2015-02-24,-0.012383540307731419
2015-02-25,-0.004300944389925877
2015-02-26,0.00854955915723658
2015-02-27,-0.00456386531579109
2015-03-02,0.01972072266801276
2015-03-03,0.004498617769621632
2015-03-04,-0.0024504533805044366
2015-03-05,-0.0013606921586017504
2015-03-06,0.014970990062124585
2015-03-09,-0.0057555441894515625
2015-03-10,-0.02304000067664999
2015-03-11,-0.004363056288223091
2015-03-12,0.005040365086355528
2015-03-13,-0.0006140962955217518
2015-03-16,0.005405414688712959
2015-03-17,-0.00969536005142178
2015-03-18,-0.014105991544100336
2015-03-19,0.0023647042405805924
2015-03-20,-0.004240797677709868
2015-03-23,-0.004169303174838976
2015-03-24,-0.01149909172277228
2015-03-25,4.755277564594783e-05
2015-03-26,0.016298157925788908
2015-03-27,-0.010515692717278036
2015-03-30,0.010365735066004701
2015-03-31,-0.011254227928362377
2015-04-01,-0.016272772031978584
2015-04-02,0.009749512688604599
2015-04-06,0.003952243588299386
2015-04-07,-0.0035560530875159155
2015-04-08,0.0020297460206124135
2015-04-09,0.01575042047989228
2015-04-10,0.0016810393690005038
2015-04-13,-0.005222950997016291
2015-04-14,-0.006309109549336106
2015-04-15,0.0022397591127671043
2015-04-16,-0.005125840721220623
2015-04-17,-0.012834118505532163
2015-04-20,0.015128919748522528
2015-04-21,0.003519320720789057
2015-04-22,0.014568179153198515
2015-04-23,-0.003690442504996296
2015-04-24,-0.004861138780125665
2015-04-27,-0.001031999059039907
2015-04-28,0.011718797480138045
2015-04-29,0.010127834682043762
2015-04-30,-0.003952008491108622
2015-05-01,0.020163614502506096
2015-05-04,0.0051485004521563404
2015-05-05,0.00046389443503265775
2015-05-06,0.008915586029567601
2015-05-07,-0.007867095820370533
2015-05-08,0.0017448174433094925
2015-05-11,0.0193674572453794
2015-05-12,-0.004242619955496588
2015-05-13,0.003691987542999744
2015-05-14,-0.0011761996871926172
2015-05-15,-0.01744166850125943
2015-05-18,0.017758493053770974
2015-05-19,0.005671901488271132
2015-05-20,-0.0025085236982404294
2015-05-21,-0.010502403401235538
2015-05-22,0.004112793865370503
2015-05-26,-0.020540862600011152
2015-05-27,0.0050980019995268
2015-05-28,-0.0016983818561987904
2015-05-29,-0.010430495678029764
2015-06-01,0.019338710910991277
2015-06-02,0.012675276043129822
2015-06-03,0.018543802497108946
2015-06-04,-0.015297454792683386
2015-06-05,0.015279173947493806
2015-06-08,-0.007409783356494694
2015-06-09,0.006253575102641005
2015-06-10,0.017152146484218096
2015-06-11,-0.01459436926329859
2015-06-12,-0.003875738613236612
2015-06-15,-0.007334094269033073
2015-06-16,-0.0034393778696067277
2015-06-17,-0.0008895330783972833
2015-06-18,0.013642952116509174
2015-06-19,-0.01774394743028497
2015-06-22,0.01972750908077738
2015-06-23,0.00860144617201151
2015-06-24,-0.010788224061160355
2015-06-25,0.001907570744720799
2015-06-26,0.013404555122904019
2015-06-29,-0.03679097563044836
2015-06-30,0.0022787809900266724
2015-07-01,0.018118792914940066
2015-07-02,-0.004342035391007926
2015-07-06,-0.02202147793948059
2015-07-07,-0.004701673478628897
2015-07-08,-0.014583350964874404
2015-07-09,0.018220948978085377
2015-07-10,0.027031096695006737
2015-07-13,0.008748825191686557
2015-07-14,-0.002469768211785703
2015-07-15,-0.008695820526906739
2015-07-16,0.005129936727186289
2015-07-17,0.00015280965768788772
2015-07-20,0.0043600725173184056
2015-07-21,-0.007995509585810806
2015-07-22,-0.004523138177785994
2015-07-23,-0.011243377916095533
2015-07-24,-0.007512029415156628
2015-07-27,-0.011121426691719952
2015-07-28,0.011316415296514941
2015-07-29,0.009497907075013615
2015-07-30,-0.0019183531636900804
2015-07-31,-0.012632807060290449
2015-08-03,-0.011760251487688474
2015-08-04,0.009839456440181698
2015-08-05,0.012047282871358173
2015-08-06,-0.010711777599461753
2015-08-07,-0.012433431120049701
2015-08-10,0.01905767328856504
2015-08-11,-0.02423366152086826
2015-08-12,-0.0007426306807169855
2015-08-13,0.01016347864907641
2015-08-14,0.0036197193396000538
2015-08-17,-0.005349137900626792
2015-08-18,0.006890483164888743
2015-08-19,-0.017367564681702266
2015-08-20,-0.021340850171531204
2015-08-21,-0.025221591015391065
2015-08-25,-0.01719928526036616
2015-08-26,0.030222371363226988
2015-08-27,0.013667034774319724
2015-08-28,0.0036724762257518183
2015-08-31,-0.0025026701783179045
2015-09-01,-0.023137194537661162
2015-09-02,0.014725456708760779
2015-09-03,-0.003887702354674937
2015-09-04,-0.01671798298081643
2015-09-08,0.027081695567130453
2015-09-09,-0.010774173407521827
2015-09-10,0.010608106970792177
2015-09-11,-0.004396804571479451
2015-09-14,-0.0030089088681205813
2015-09-15,0.025765409203111628
2015-09-16,0.009040128533035966
2015-09-17,-0.016761676732829887
2015-09-18,-0.0257908988230406
2015-09-21,0.01820475314281224
2015-09-22,-0.023848568363468693
2015-09-23,0.0023301397588752254
2015-09-24,-0.0065240844890256475
2015-09-25,0.008676075302101632
2015-09-28,-0.029301330149247337
2015-09-29,-0.007166545176801667
2015-09-30,0.012504295884342828
2015-10-01,-0.002327320070750041
2015-10-02,-0.001990830453295919
2015-10-05,0.024126901566094865
2015-10-06,-0.006263407101694986
2015-10-07,0.01007432875371382
2015-10-08,0.014093166690919694
2015-10-09,-0.0012765387621102326
2015-10-12,-0.000954003323506006
2015-10-13,-0.010864552004456157
2015-10-14,-0.017506114417576102
2015-10-15,0.017238058159220193
2015-10-16,0.002736036824218213
2015-10-19,0.0011497389548978405
2015-10-20,0.0075393342482665176
2015-10-21,-0.01150380988443872
2015-10-22,0.008908095684973605
2015-10-23,0.01787772760973101
2015-10-26,-0.005978742072565985
2015-10-27,-0.007408246296913772
2015-10-28,0.019490455792781816
2015-10-29,0.014925353247554507
2015-10-30,-0.0069632430583277186
2015-11-02,0.013721484738805884
2015-11-03,0.0076251919576705626
2015-11-04,-0.00033324606239563525
2015-11-05,0.0020018766233594553
2015-11-06,0.015171190576778076
2015-11-09,-0.0043826547527497164
2015-11-10,-0.002524876370937401
2015-11-11,0.0008068130327135246
2015-11-12,-0.011717429041550972
2015-11-13,-0.013546636388434962
2015-11-16,0.007646027793154954
2015-11-17,-0.0029215216861150674
2015-11-18,0.01103276685159106
2015-11-19,-0.004393579748654194
2015-11-20,0.0047651829035465975
2015-11-23,-0.0028690537366053972
2015-11-24,-0.0005136288620478147
2015-11-25,-0.002043954051555875
2015-11-27,-0.0009004239366688725
2015-11-30,-0.004051485310269878
2015-12-01,-0.005151696396230944
2015-12-02,-0.0023874347952732326
2015-12-03,0.018297793166683264
2015-12-04,0.0026354576140055746
2015-12-07,-0.013097715002729722
2015-12-08,-0.0015763517217411362
2015-12-09,-0.010059639430157075
2015-12-10,0.006926222300609157
2015-12-11,-0.030044709726056548
2015-12-14,0.01861396131468164
2015-12-15,0.013994133459985831
2015-12-16,0.011983402566159736
2015-12-17,-0.017756192700044325
2015-12-18,-0.017806462842203427
2015-12-21,0.004285043140731309
2015-12-22,0.012841484831154035
2015-12-23,0.011846461570409571
2015-12-24,-0.004687494937588777
2015-12-28,-0.004531520428716581
2015-12-29,0.020820627518927316
2015-12-30,-0.005040173690465463
2015-12-31,-0.011623242988433967
2016-01-04,-0.013506728725297235
2016-01-05,0.0017402905789629516
2016-01-06,-0.02075853267237296
2016-01-07,-0.018825702254561975
2016-01-08,-0.010834618056640662
2016-01-11,0.005735676917925351
2016-01-12,-0.005853528230607039
2016-01-13,-0.022079388340978622
2016-01-14,0.016082904680482485
2016-01-15,-0.025690264706088074
2016-01-19,0.0007123401838040673
2016-01-20,-0.017210007036470326
2016-01-21,0.01010414248669651
2016-01-22,0.01775299168629636
2016-01-25,-0.014567566018816478
2016-01-26,0.0028493399417315567
2016-01-27,-0.005152005826555877
2016-01-28,9.677121682618878e-05
2016-01-29,0.0036428222516784754
2016-02-01,0.006919199634045234
2016-02-02,-0.03266310344159278
2016-02-03,0.006619322539804878
2016-02-04,-0.0027162095513464136
2016-02-05,-0.014640773467982836
2016-02-08,-0.03379166611808974
2016-02-09,-0.0017839967634106382
2016-02-10,-0.00570460279833237
2016-02-11,-0.021999591112163975
2016-02-12,0.0361339942621343
2016-02-16,0.016635780052442053
2016-02-17,0.018926773255027354
2016-02-18,-0.01622256684004617
2016-02-19,-0.002524876690469354
2016-02-22,0.01270837009081279
2016-02-23,-0.012304571404651972
2016-02-24,0.0019697003153868486
2016-02-25,-0.0036981268161560728
2016-02-26,0.013911883002451202
2016-02-29,-0.009918234167177
2016-03-01,0.03519873141976182
2016-03-02,0.005493422276734222
2016-03-03,-0.001819623307868527
2016-03-04,0.013400371111800983
2016-03-07,0.004546645586580979
2016-03-08,-0.021781318604796648
2016-03-09,0.015914273204578683
2016-03-10,0.00784039361683855
2016-03-11,0.019589046920499772
2016-03-14,-0.003599700293263907
2016-03-15,-0.0019191028943576628
2016-03-16,-0.0009602191957214855
2016-03-17,-0.003345813342239469
2016-03-18,-0.004145824447021568
2016-03-21,0.011556407296075348
2016-03-22,0.001961672946019247
2016-03-23,-0.01644336071362984
2016-03-24,0.005071200613043625
2016-03-28,-0.0060391119502052285
2016-03-29,-0.006894823143638155
2016-03-30,0.006117181127484371
2016-03-31,-0.010960105565540102
2016-04-01,0.005128117635764453
2016-04-04,-0.0048404528580575385
2016-04-05,-0.017984033160258622
2016-04-06,0.012704901215486147
2016-04-07,-0.022088361705160896
2016-04-08,0.008471320189290765
2016-04-11,-0.0007169869313315881
2016-04-12,0.018780594535308285
2016-04-13,0.001703839063707099
2016-04-14,0.004393950255507118
2016-04-15,-0.007157676411413396
2016-04-18,0.008677855508551397
2016-04-19,0.004097565315397076
2016-04-20,0.01607600007929634
2016-04-21,0.00031265476162451117
2016-04-22,0.0038605712950730907
2016-04-25,0.0018669319336561698
2016-04-26,0.0071754250777576615
2016-04-27,-0.013995805559788063
2016-04-28,-0.010323557362093647
2016-04-29,-0.007202030906912396
2016-05-02,0.014657426229394128
2016-05-03,-0.01941846755229699
2016-05-04,-0.007144182557661534
2016-05-05,-0.008526636788851473
2016-05-06,0.009162332012445318
2016-05-09,-0.0038431239000784553
2016-05-10,0.0074438191416223995
2016-05-11,-0.011026242911086066
2016-05-12,0.004477636905332031
2016-05-13,-0.017125722869071873
2016-05-16,0.016954778634511163
2016-05-17,-0.004306791787356425
2016-05-18,0.026733630827044167
2016-05-19,-0.009745149236072455
2016-05-20,0.0044671343444490485
2016-05-23,-0.003639335510127118
2016-05-24,0.012697436598007115
2016-05-25,0.006530214638651724
2016-05-26,-0.01030826476210133
2016-05-27,0.008663631655270008
2016-05-31,-0.004294116436666477
2016-06-01,0.003289336457153196
2016-06-02,-0.005964357982859824
2016-06-03,-0.026109936118102483
2016-06-06,0.007366621175279635
2016-06-07,-0.001555123609887154
2016-06-08,0.00034453233558357356
2016-06-09,-0.007174609177308914
2016-06-10,-0.015413490221427475
2016-06-13,-0.01054191540898928
2016-06-14,-0.002319873776460938
2016-06-15,-0.004847284055686371
2016-06-16,-0.006224673217458839
2016-06-17,0.01161970498005417
2016-06-20,0.016127934960356315
2016-06-21,0.008040394865158614
2016-06-22,-0.0038303462546812267
2016-06-23,0.020583213898693102
2016-06-24,-0.060555868134063356
2016-06-27,-0.04229945631074258
2016-06-28,0.010842331930889567
2016-06-29,0.014490302978142584
2016-06-30,0.011052301036359565
2016-07-01,-0.007527988486165054
2016-07-05,-0.029352370826434458
2016-07-06,0.00843584698362147
2016-07-07,5.4018523418113075e-05
2016-07-08,0.0029803865185144005
2016-07-11,0.021474071778653882
2016-07-12,0.02564158120517303
2016-07-13,-0.011996534854270333
2016-07-14,0.01995531819658371
2016-07-15,0.015572548759952091
2016-07-18,-0.00033277076454427666
2016-07-19,-0.008238731543277008
2016-07-20,0.00816550377014078
2016-07-21,-0.005987047372225336
2016-07-22,0.004002092959497974
2016-07-25,-0.001554933741453192
2016-07-26,-0.0018484880123888084
2016-07-27,-0.013196196061839987
2016-07-28,-9.453637649978045e-05
2016-07-29,-0.013304456832133297
2016-08-01,0.009529370842526783
2016-08-02,0.006985840356591052
2016-08-03,0.0031765795997700857
2016-08-04,-0.010119344933111948
2016-08-05,0.025630720560119582
2016-08-08,-0.0002918000707044053
2016-08-09,-0.009485314561720694
2016-08-10,-0.011151974267909193
2016-08-11,0.019449030052098255
2016-08-12,-0.015505484214473945
2016-08-15,0.01158264875797375
2016-08-16,0.0025840941622400034
2016-08-17,-0.0027052287521088093
2016-08-18,-0.00513967554023123
2016-08-19,0.009925833048727581
2016-08-22,-0.010348214421146884
2016-08-23,0.004792180229917482
2016-08-24,-0.0016100039993934294
2016-08-25,0.0037721925727019134
2016-08-26,0.013499352107345876
2016-08-29,-0.014118627219408925
2016-08-30,-0.00015292886652302812
2016-08-31,-0.001937117460950231
2016-09-01,0.0004850715639658308
2016-09-02,0.009085272468050371
2016-09-06,-0.011722418291960562
2016-09-07,-0.000606637702204138
2016-09-08,0.017673680288387724
2016-09-09,-0.0012700254564385113
2016-09-12,0.00874223234006066
2016-09-13,0.005599076939568357
2016-09-14,-0.010870395888754736
2016-09-15,0.009337001055280594
2016-09-16,-0.002737685942957456
2016-09-19,-0.0011886712504741086
2016-09-20,-0.0017118042520396224
2016-09-21,0.0017471677763063326
2016-09-22,-0.00484037117048941
2016-09-23,-0.007640485880909192
2016-09-26,-0.011666943441774408
2016-09-27,-0.004540485730168928
2016-09-28,0.005987370513726048
2016-09-29,-0.008179902345231362
2016-09-30,0.017653946143412924
2016-10-03,0.0015078849278355984
2016-10-04,0.011786452428628663
2016-10-05,0.010339724446987443
2016-10-06,0.006304022649024865
2016-10-07,-0.003335387023283883
2016-10-10,-0.000249440369648129
2016-10-11,0.0007566323572967973
2016-10-12,0.0049850400098821555
2016-10-13,-0.010964081182048667
2016-10-14,0.012806043683516085
2016-10-17,-0.008117834696503168
2016-10-18,-0.00018427712622581588
2016-10-19,0.0019992666927493483
2016-10-20,-0.0019691861487810183
2016-10-21,-0.0016564472580762502
2016-10-24,0.008095873268323991
2016-10-25,-0.003419015047584447
2016-10-26,0.006170359269853057
2016-10-27,0.00987692631289961
2016-10-28,-0.0014340501571262114
2016-10-31,-0.0024653398685546414
2016-11-01,-0.007151147163548684
2016-11-02,-0.008570355134945622
2016-11-03,0.00022017573412681356
2016-11-04,-0.007454069370432315
2016-11-07,0.023158164149528742
2016-11-08,0.009630417969127883
2016-11-09,0.04935493775818596
2016-11-10,0.00976358883775953
2016-11-11,-0.0008393570086785635
2016-11-14,0.019293733545889133
2016-11-15,0.007341746427251202
2016-11-16,-0.0036400759535232616
2016-11-17,0.012224029228788333
2016-11-18,0.008803161635666749
2016-11-21,0.005144851016910388
2016-11-22,-0.0017922700854687372
2016-11-23,0.006641219563586595
2016-11-25,0.004881567604802064
2016-11-28,-0.012027559707524435
2016-11-29,-0.002314889275400759
2016-11-30,0.009712801556539205
2016-12-01,0.0100317883201549
2016-12-02,-0.008207593497310962
2016-12-05,0.0029802452275718263
2016-12-06,0.0035483544922658154
2016-12-07,-0.0004186946519041841
2016-12-08,0.008054015097919875
2016-12-09,0.016252314214772606
2016-12-12,0.0017448505183203702
2016-12-13,0.0042336472004991955
2016-12-14,0.002141589648020959
2016-12-15,0.010944732158782784
2016-12-16,0.0015757133563536992
2016-12-19,-0.007378373711929253
2016-12-20,0.006249036141886834
2016-12-21,-0.004917797293369323
2016-12-22,-2.0576266874224773e-05
2016-12-23,-0.0008192997230726214
2016-12-27,0.004481090763836023
2016-12-28,-0.014031208435480096
2016-12-29,-0.004831898031584486
2016-12-30,-0.00782632958751879
2017-01-03,0.005724046534171567
2017-01-04,0.0037499520155220042
2017-01-05,-0.014405879958731686
2017-01-06,0.01046447958196281
2017-01-09,-0.009141892921985518
2017-01-10,0.0005047354712289344
2017-01-11,0.00017926430785924173
2017-01-12,-0.002810116598220099
2017-01-13,0.004314979562298323
2017-01-17,-0.010791425973852402
2017-01-18,0.0115753203929905
2017-01-19,0.00938248359624459
2017-01-20,0.0033155634037594743
2017-01-23,-0.012130183974660631
2017-01-24,0.015087845949645944
2017-01-25,0.013126736142373622
2017-01-26,-0.002826628445776568
2017-01-27,-0.004849663101683429
2017-01-30,-0.0032942683081821967
2017-01-31,-0.00572275225600839
2017-02-01,0.003915059508600838
2017-02-02,-0.0003051528951184737
2017-02-03,0.0077295176283729726
2017-02-06,-0.013995910549885549
2017-02-07,-0.0038623131667588724
2017-02-08,-0.0059977679986367854
2017-02-09,0.010858607570875017
2017-02-10,0.0044672110851388825
2017-02-13,0.007269004332614055
2017-02-14,0.00827246087285212
2017-02-15,0.008136848069798364
2017-02-16,-0.008919657112726909
2017-02-17,-0.0030963261209849963
2017-02-21,0.003947686363922514
2017-02-22,-0.0021357518930714436
2017-02-23,-0.00474247852548427
2017-02-24,-0.01117784695659538
2017-02-27,0.00948835911291048
2017-02-28,-0.0034106590139505563
2017-03-01,0.02557525626746488
2017-03-02,0.000674095093544152
2017-03-03,0.0007840845888642805
2017-03-06,-0.001648698387499087
2017-03-07,0.0009667112907341797
2017-03-08,0.005106437584451486
2017-03-09,0.007625566934294229
2017-03-10,-0.000513051481980247
2017-03-13,0.004227683511429671
2017-03-14,-0.004029702100402646
2017-03-15,-0.00863645090104019
2017-03-16,0.00124985325427026
2017-03-17,-0.004133765207512826
2017-03-20,-0.005710595377467072
2017-03-21,-0.01352120239988073
2017-03-22,-0.005489839265595731
2017-03-23,0.003019541933399257
2017-03-24,-0.003495398529546748
2017-03-27,-0.0051376001601007755
2017-03-28,0.010357886221770005
2017-03-29,-0.003186518708483798
2017-03-30,0.006756464539698629
2017-03-31,-0.004679593259369635
2017-04-03,-0.00874022697215363
2017-04-04,0.00033561964479682276
2017-04-05,-0.0006459684372253209
2017-04-06,-0.001226425764107175
2017-04-07,0.004592639010759188
2017-04-10,-0.0016153915641580283
2017-04-11,-0.011679369854383406
2017-04-12,-0.0026085191065845894
2017-04-13,-0.015410966246460316
2017-04-17,0.008714142151080006
2017-04-18,-0.014925658240762002
2017-04-19,0.0031692982337288536
2017-04-20,0.01153977926064749
2017-04-21,-0.002538408600198953
2017-04-24,0.012854989279814055
2017-04-25,0.013035047250234374
2017-04-26,-0.0030512785578820857
2017-04-27,-0.0022730990868406603
2017-04-28,-0.003595467787254031
2017-05-01,0.008505586972364743
2017-05-02,-0.004307625620381466
2017-05-03,0.0014951211072963177
2017-05-04,0.008409442428963403
2017-05-05,0.0017685300861163878
2017-05-08,0.004083403871237088
2017-05-09,0.00456966116490857
2017-05-10,0.0018395580922163325
2017-05-11,-0.0036256347473290484
2017-05-12,-0.011870469057450745
2017-05-15,0.0033726777345659217
2017-05-16,-0.0019550394523891626
2017-05-17,-0.0309013545943273
2017-05-18,0.005264897480458573
2017-05-19,0.006190613694055534
2017-05-22,0.004688486998290001
2017-05-23,0.006565578758953592
2017-05-24,-0.0018483337147318488
2017-05-25,0.000712805940929026
2017-05-26,-0.0007016219240842817
2017-05-30,-0.006633323294056188
2017-05-31,-0.004082990877291592
2017-06-01,0.008332503456229108
2017-06-02,-0.008383403088105161
2017-06-05,0.0035076505731221064
2017-06-06,-0.008137864411002659
2017-06-07,0.006674400760643689
2017-06-08,0.00308804230563423
2017-06-09,0.0004123170141056314
2017-06-12,0.001951026508841503
2017-06-13,0.0016148342120715453
2017-06-14,-0.01330312301802195
2017-06-15,0.0031198836870123653
2017-06-16,-0.0007559582685634747
2017-06-19,0.0110608189179831
2017-06-20,-0.010847215281830996
2017-06-21,2.1686626920961577e-05
2017-06-22,-0.0006449067263467692
2017-06-23,-0.0007397825884879893
2017-06-26,-0.0011186498399132542
2017-06-27,0.006394575873188021
2017-06-28,0.009425576990055196
2017-06-29,0.003017601372154367
2017-06-30,0.007047625097804636
2017-07-03,0.008958261326136394
2017-07-05,-0.0011799256861182343
2017-07-06,0.00047473785494955584
2017-07-07,0.007692769557912222
2017-07-10,-0.003137971576571061
2017-07-11,-0.0019910385889719954
2017-07-12,-0.0016041175963419588
2017-07-13,0.004717329911646719
2017-07-14,-0.0021735752362136997
2017-07-17,-0.0017603580460648317
2017-07-18,-0.007690658890057641
2017-07-19,0.004097740745265563
2017-07-20,-0.0004450663861205057
2017-07-21,-0.0062679963886488185
2017-07-24,0.0032847385358305043
2017-07-25,0.014328804778456482
2017-07-26,-0.007469531027704029
2017-07-27,0.004294190979590579
2017-07-28,-0.004458186924350102
2017-07-31,8.686030581348111e-05
2017-08-01,-0.005752444838919508
2017-08-02,0.0022454704721725244
2017-08-03,-0.007369675547943694
2017-08-04,0.008073618922159973
2017-08-07,-0.0007808410305794164
2017-08-08,0.0031311406184620005
2017-08-09,-0.0076454838651610155
2017-08-10,-0.013958183584131114
2017-08-11,-0.0034160523224295966
2017-08-14,0.01144095900045034
2017-08-15,0.00808443556721421
2017-08-16,-0.00627249962933113
2017-08-17,-0.014215856196788928
2017-08-18,-0.002012749530629163
2017-08-21,-0.001863397386266
2017-08-22,0.012306000085888929
2017-08-23,-0.010101530917216058
2017-08-24,0.002969418674841415
2017-08-25,-0.003581186577289024
2017-08-28,-0.0015562583505405814
2017-08-29,-0.0037786126336777294
2017-08-30,0.0040714315841669044
2017-08-31,-0.0007047814957627926
2017-09-01,0.007920625869024873
2017-09-05,-0.021015604109060816
2017-09-06,0.009150735357004792
2017-09-07,-0.00912638923545296
2017-09-08,-0.0008939760860746229
2017-09-11,0.018700764205294273
2017-09-12,0.01058141766768587
2017-09-13,0.004851749933073578
2017-09-14,-0.00029647853334086467
2017-09-15,0.002016561954942705
2017-09-18,0.005747757698417379
2017-09-19,0.0031702172366711123
2017-09-20,0.006398286484869967
2017-09-21,-0.0016546792492471696
2017-09-22,-0.0024308501246665375
2017-09-25,-0.008831596029367346
2017-09-26,0.0016616531577404458
2017-09-27,0.016550670042619977
2017-09-28,0.0007223343773628166
2017-09-29,0.005153160423322272
2017-10-02,0.004207097864172001
2017-10-03,0.0007801352747501816
2017-10-04,6.142762521526765e-05
2017-10-05,0.0067973635150775395
2017-10-06,0.0027453210150763336
2017-10-09,-0.0026054874827904626
2017-10-10,-0.0013281161641167697
2017-10-11,0.0010811297577981384
2017-10-12,-0.004783298278693255
2017-10-13,-0.006946968262915269
2017-10-16,0.005758539469870002
2017-10-17,-0.0011600776717255253
2017-10-18,0.00751893976163947
2017-10-19,-0.0028933582786182747
2017-10-20,0.013271243752409017
2017-10-23,-0.003229122840842514
2017-10-24,0.005988842341233072
2017-10-25,0.0034638138331247593
2017-10-26,0.002069257451059777
2017-10-27,0.0008899195066373582
2017-10-30,-0.011589728561895891
2017-10-31,0.0015777934163806041
2017-11-01,0.0009545064647423217
2017-11-02,-0.004798232818185729
2017-11-03,0.0011730794165209545
2017-11-06,-0.0031837236467214523
2017-11-07,-0.002361157126786182
2017-11-08,0.003974414060926297
2017-11-09,-0.0012304532183886096
2017-11-10,0.011129723245888134
2017-11-13,0.0005898905467758192
2017-11-14,-0.004566645120991019
2017-11-15,-0.011128070313426457
2017-11-16,0.009326942268536257
2017-11-17,-0.002765344677050819
2017-11-20,0.003811891757184306
2017-11-21,0.0023912994874154547
2017-11-22,-0.007451552787410336
2017-11-24,0.004321189732610997
2017-11-27,-0.0022871322823039787
2017-11-28,0.0075947309082812775
2017-11-29,0.006227416732676858
2017-11-30,0.01173805344197016
2017-12-01,-0.01042331443199825
2017-12-04,0.0022369723678886165
2017-12-05,-0.006133820936523846
2017-12-06,-0.004507270617491645
2017-12-07,0.009576894670960795
2017-12-08,0.0044714347810883535
2017-12-11,0.0022536914516425085
2017-12-12,0.003936188165486753
2017-12-13,-0.009375165077800483
2017-12-14,-0.002958686398933566
2017-12-15,0.006892189660381249
2017-12-18,0.009444720658055171
2017-12-19,0.009758830694749376
2017-12-20,0.004987002256016649
2017-12-21,-0.0013811156769877834
2017-12-22,0.00036941067707949135
2017-12-26,-0.003543296097567931
2017-12-27,-0.008212704510777716
2017-12-28,0.004070909422268062
2017-12-29,-0.007583595490530425
2018-01-02,0.014818199336367613
2018-01-03,0.0008954690256139869
2018-01-04,0.0033919248713527293
2018-01-05,0.007938523555674717
2018-01-08,0.0016422520776105342
2018-01-09,0.011287223616663882
2018-01-10,-3.977195198700233e-05
2018-01-11,0.001213855921977014
2018-01-12,0.0073413325584697955
2018-01-16,-0.00337433722899449
2018-01-17,0.010933132088661417
2018-01-18,0.004117134278052963
2018-01-19,0.006588839233516439
2018-01-22,0.00904546027224341
2018-01-23,-0.0048984548591626004
2018-01-24,0.004211141966022951
2018-01-25,-0.00464333974060412
2018-01-26,0.013271684372237937
2018-01-29,0.0014685952131388968
2018-01-30,-0.002593558106593511
2018-01-31,-0.0005880678193481072
2018-02-01,0.007330171586824823
2018-02-02,-0.0013452947852519645
2018-02-05,-0.03360445351646125
2018-02-06,0.006634651349531951
2018-02-07,0.00782613721998281
2018-02-08,-0.02197211646824012
2018-02-09,0.005796769634548543
2018-02-12,0.012230748073451668
2018-02-13,-0.0008215430863587226
2018-02-14,0.018139860962716452
2018-02-15,0.004165700908280914
2018-02-16,-0.0017177030881905867
2018-02-20,-0.001296762247799066
2018-02-21,0.003547204801163717
2018-02-22,-0.002965667898808723
2018-02-23,0.003182650638457684
2018-02-26,0.0053376563413553985
2018-02-27,-0.0008755248453355298
2018-02-28,-0.0122349331180309
2018-03-01,-0.01707557934388844
2018-03-02,0.010525362825786675
2018-03-05,0.009929093778317681
2018-03-06,0.0010254883141215085
2018-03-07,0.0005429112549801024
2018-03-08,0.0003062587307279519
2018-03-09,0.014226663732351687
2018-03-12,-0.004095941109442197
2018-03-13,-0.006908337822317867
2018-03-14,-0.007822403180713295
2018-03-15,0.0008065852565181396
2018-03-16,0.004123092957962967
2018-03-19,-0.009005197655907363
2018-03-20,0.005640391640159535
2018-03-21,0.002764044781612519
2018-03-22,-0.02574631698049145
2018-03-23,-0.012996483265773589
2018-03-26,0.01791027448856038
2018-03-27,-0.01855754327061525
2018-03-28,-0.003334990773640716
2018-03-29,0.003274271613215164
2018-04-02,-0.014869933989240776
2018-04-03,0.015063469108669706
2018-04-04,0.007474388412637433
2018-04-05,0.010367113114399753
2018-04-06,-0.02143140036540824
2018-04-09,0.003581036414518773
2018-04-10,0.01152936320599585
2018-04-11,-0.00432673446745325
2018-04-12,0.011189178475925177
2018-04-13,-0.0024408356291629844
2018-04-16,0.005269758449721231
2018-04-17,0.003812538234016176
2018-04-18,0.00796233335212284
2018-04-19,0.0030586496139687323
2018-04-20,-9.695911159776378e-05
2018-04-23,0.0030047273219323016
2018-04-24,-0.006739349498404526
2018-04-25,0.006561590947644892
2018-04-26,0.0017052687572755012
2018-04-27,-0.0037714544038003296
2018-04-30,-0.007783555086847797
2018-05-01,0.00694027846368206
2018-05-02,-0.005955345822927429
2018-05-03,-0.0037902710399015105
2018-05-04,0.0073662264582454486
2018-05-07,0.002885581815170079
2018-05-08,0.0024086113586587188
2018-05-09,0.010469183532385656
2018-05-10,0.0011777529447572028
2018-05-11,0.0010236835625767535
2018-05-14,0.003748104362886447
2018-05-15,0.007074758516792081
2018-05-16,0.004374741174850198
2018-05-17,0.001291538833500458
2018-05-18,-0.007021904801629195
2018-05-21,0.004154855341628822
2018-05-22,-0.0018844131557251135
2018-05-23,-0.0062284297035998595
2018-05-24,-0.00415635745754101
2018-05-25,-0.008182056634129372
2018-05-29,-0.029866408577584887
2018-05-30,0.01812273931483178
2018-05-31,-0.006966867732623316
2018-06-01,0.01669017644295074
2018-06-04,0.008443180986587976
2018-06-05,-0.002037633596051116
2018-06-06,0.012719718694518298
2018-06-07,-0.006115940985953011
2018-06-08,0.0024177552030784726
2018-06-11,0.0033555150522114755
2018-06-12,0.001045120367222309
2018-06-13,0.0002757811620930856
2018-06-14,-0.002705991560816269
2018-06-15,-0.0036088927251413873
2018-06-18,-0.001003517650192473
2018-06-19,-0.006955853138018607
2018-06-20,0.005836654087989007
2018-06-21,-0.00807697431189322
2018-06-22,0.0015301321184495607
2018-06-25,-0.011755072032036577
2018-06-26,0.0020163541574059933
2018-06-27,-0.01261466762069298
2018-06-28,0.00651569726208507
2018-06-29,0.0007357815537430369
2018-07-02,0.004217660485445656
2018-07-03,-0.006902860717124681
2018-07-05,0.005432082998869663
2018-07-06,0.0037977168980867964
2018-07-09,0.00934719461384155
2018-07-10,0.003894413317168342
2018-07-11,-0.008611177866046779
2018-07-12,0.006771800467632301
2018-07-13,-0.0024492100231789417
2018-07-16,0.0031796235182993023
2018-07-17,0.0032183682911794817
2018-07-18,0.002828267851661078
2018-07-19,-0.006291258837583752
2018-07-20,0.006118396140277925
2018-07-23,0.01065857703201806
2018-07-24,0.00069734582409737
2018-07-25,0.0036690842618081164
2018-07-26,0.003456202014461941
2018-07-27,-0.00597219107404859
2018-07-30,-0.001440583302210907
2018-07-31,0.0014419807267790573
2018-08-01,0.0046043013828622175
2018-08-02,0.0006777791771735613
2018-08-03,-0.0016651781780637684
2018-08-06,8.21653515345991e-05
2018-08-07,0.006429119159710655
2018-08-08,-0.0004266402286614471
2018-08-09,-0.005742087978450584
2018-08-10,-0.015057695816669943
2018-08-13,0.00038195916733703645
2018-08-14,0.006316152962597655
2018-08-15,-0.010564566170131726
2018-08-16,0.00738889560882317
2018-08-17,0.002269095181274833
2018-08-20,-0.005567600823050545
2018-08-21,0.004204405744763683
2018-08-22,-0.0032035044045335467
2018-08-23,-0.001299082705116903
2018-08-24,0.004416146880932578
2018-08-27,0.007686579033890188
2018-08-28,0.005186037360600869
2018-08-29,0.0034111454813470013
2018-08-30,-0.006006764464853887
2018-08-31,-0.0008995357171095338
2018-09-04,0.005818221256738868
2018-09-05,-0.0016842376807595831
2018-09-06,-0.005378252074362858
2018-09-07,0.0073291607086828445
2018-09-10,0.0004572458083413881
2018-09-11,0.007650686148816531
2018-09-12,-0.0016715521285162013
2018-09-13,0.0031610112956348
2018-09-14,0.004328459714607385
2018-09-17,-0.002417066465190184
2018-09-18,0.00942884269344172
2018-09-19,0.005318477309498807
2018-09-20,0.0040367792160662195
2018-09-21,-0.001522820054407968
2018-09-24,-0.0008114698962045377
2018-09-25,0.0023232334699739682
2018-09-26,-0.007298967272199643
2018-09-27,0.0010017553175731614
2018-09-28,-4.122086482907711e-06
2018-10-01,0.005309776518456875
2018-10-02,-0.0033671424593052263
2018-10-03,0.013939387252193682
2018-10-04,-0.00039204486344525825
2018-10-05,0.00016202814772816633
2018-10-08,0.000753919357417689
2018-10-09,-0.003956481248685017
2018-10-10,-0.017935734259796377
2018-10-11,-0.024049324616008675
2018-10-12,0.009483841958786678
2018-10-15,-0.0007615904896058718
2018-10-16,0.011874453965010297
2018-10-17,0.002752895353106858
2018-10-18,-0.009201507706542192
2018-10-19,0.0026704520274482705
2018-10-22,-0.002835494722073454
2018-10-23,-0.007088698676563237
2018-10-24,-0.02415233285214243
2018-10-25,0.01260575924998042
2018-10-26,-0.018084687449486513
2018-10-29,-0.0026508664998356017
2018-10-30,0.012296386399247768
2018-10-31,0.012728848853218776
2018-11-01,0.004397657358093053
2018-11-02,0.00500611600953007
2018-11-05,0.0017296122504655439
2018-11-06,0.00536507661449607
2018-11-07,0.012467781286556451
2018-11-08,0.0010986196438066745
2018-11-09,-0.011149910426252478
2018-11-12,-0.012315333920994827
2018-11-13,-0.006070755902941823
2018-11-14,-0.00775008086950768
2018-11-15,0.006066345758195139
2018-11-16,-0.004352366988050213
2018-11-19,-0.01228813246909007
2018-11-20,-0.012170136369528357
2018-11-21,0.0035256118832658204
2018-11-23,-0.004861660291277367
2018-11-26,0.011598445370207319
2018-11-27,-0.0002658531822030963
2018-11-28,0.012185549211561071
2018-11-29,-0.002495679830364546
2018-11-30,0.0019724530918299385
2018-12-03,0.0037315333125777688
2018-12-04,-0.0289359549706405
2018-12-06,-0.007534887032544041
2018-12-07,-0.01779038280942956
2018-12-10,0.0018975879175655683
2018-12-11,0.002994541380653771
2018-12-12,0.0069767372538858865
2018-12-13,0.0005676854079157389
2018-12-14,-0.014320405401223094
2018-12-17,-0.01732749554221476
2018-12-18,-0.004453674351629875
2018-12-19,-0.016020113610929664
2018-12-20,-0.007957951794037426
2018-12-21,-0.012051838796655313
2018-12-24,-0.022700331392038947
2018-12-26,0.035965968251154896
2018-12-27,-0.0026823292544612557
2018-12-28,-0.001767492751183659
2018-12-31,-0.002303577879197748
2019-01-02,-0.0029798407880905976
2019-01-03,-0.03145751038602666
2019-01-04,0.03637138477909379
2019-01-07,0.007636655024391273
2019-01-08,0.010828145797847442
2019-01-09,0.004217192208441354
2019-01-10,0.003144588913789065
2019-01-11,-0.0045060880490225205
2019-01-14,-0.0018322034172957508
2019-01-15,0.006546334881649416
2019-01-16,0.004271818350939282
2019-01-17,0.00716540346878349
2019-01-18,0.012918738963405693
2019-01-22,-0.016389925102392813
2019-01-23,0.004966641135965242
2019-01-24,-0.005467593313758104
2019-01-25,0.011073681855583793
2019-01-28,-0.006036481193251721
2019-01-29,-0.005566530312315481
2019-01-30,0.006742505493668109
2019-01-31,-0.003869611200591503
2019-02-01,0.00895079903104268
2019-02-04,0.008927434194641658
2019-02-05,-0.0004252482767384191
2019-02-06,-0.0013361494305052714
2019-02-07,-0.013111975886481428
2019-02-08,-0.0026224371627417043
2019-02-11,0.004808509140194279
2019-02-12,0.011127202854312651
2019-02-13,0.0053725028881001485
2019-02-14,-0.009198155405965204
2019-02-15,0.00784459842955959
2019-02-19,-0.0019623187696920785
2019-02-20,0.0021217205733328314
2019-02-21,0.002972181100290266
2019-02-22,-0.00110672288756533
2019-02-25,0.0034413945220401272
2019-02-26,-0.006050017012479753
2019-02-27,0.008230784474914876
2019-02-28,0.0009669814343400971
2019-03-01,0.010562964469933763
2019-03-04,-0.007153113500603303
2019-03-05,-0.0006793040938241154
2019-03-06,-0.008360277080579941
2019-03-07,-0.013304064148553651
2019-03-08,-0.0029530542720192787
2019-03-11,0.01146920013833217
2019-03-12,-0.004023384770107811
2019-03-13,0.0050755802805900925
2019-03-14,0.002379191045113062
2019-03-15,-0.0026838516174964144
2019-03-18,0.0036054172034807406
2019-03-19,0.0017621648402095338
2019-03-20,-0.014044408314977877
2019-03-21,0.006791843860632559
2019-03-22,-0.02463630713713724
2019-03-25,-0.006247287089786736
2019-03-26,0.003301257849749878
2019-03-27,-0.009476610037792519
2019-03-28,0.004669239260097617
2019-03-29,0.008191141266887386
2019-04-01,0.020423263709917625
2019-04-02,-0.002560854551667931
2019-04-03,0.007050050274413486
2019-04-04,0.0004541118559015403
2019-04-05,0.0010199669340393946
2019-04-08,0.003496705312823879
2019-04-09,-0.006840120947615002
2019-04-10,-0.0014539097948666059
2019-04-11,0.004359386577883187
2019-04-12,0.01279966842106188
2019-04-15,-0.0014729836825323208
2019-04-16,0.006369798448497415
2019-04-17,-0.0013658404924433158
2019-04-18,-0.004022310022945582
2019-04-22,0.005267146063141676
2019-04-23,0.002180622848748898
2019-04-24,-0.008857943519323227
2019-04-25,0.0016772882548860158
2019-04-26,-0.0017994978314608014
2019-04-29,0.005562273749707829
2019-04-30,-0.0037109209282324453
2019-05-01,-0.004199565493457993
2019-05-02,0.005202787573680152
2019-05-03,0.0024500997683370687
2019-05-06,-0.007618091812764577
2019-05-07,-0.018397447222772118
2019-05-08,0.004553325235030459
2019-05-09,-0.005865051835805837
2019-05-10,0.001902288299492338
2019-05-13,-0.022886616886274858
2019-05-14,0.007112113676909253
2019-05-15,-0.0031763973614828815
2019-05-16,0.00966144706503657
2019-05-17,-0.005513514209022604
2019-05-20,-0.0002371658318509294
2019-05-21,0.006728219449270082
2019-05-22,-0.0071754743650876245
2019-05-23,-0.02374312805729513
2019-05-24,0.005660109457772019
2019-05-28,-0.014803150743203757
2019-05-29,-0.009845447563576743
2019-05-30,-0.00035551446326912025
2019-05-31,-0.023536096787353723
2019-06-03,-0.013217987527197338
2019-06-04,0.019961823846267254
2019-06-05,0.005631587873243799
2019-06-06,0.0038585039276675223
2019-06-07,-0.0013389966632093185
2019-06-10,0.013956526846681474
2019-06-11,-0.0007702792447197135
2019-06-12,-0.003661113854919164
2019-06-13,-0.004374642258410047
2019-06-14,-0.0005853055828758547
2019-06-17,-0.0007812396844058439
2019-06-18,0.0007853397175473257
2019-06-19,-0.004276718948139828
2019-06-20,9.813796768399878e-05
2019-06-21,0.012417980264578635
2019-06-24,-0.010235873612491357
2019-06-25,-0.011104962434269998
2019-06-26,0.010142874937664649
2019-06-27,-0.006393573933146121
2019-06-28,0.002445790193819711
2019-07-01,0.011328642239229195
2019-07-02,-0.009817565045797012
2019-07-03,-9.732208264275587e-05
2019-07-05,0.01791433094156392
2019-07-08,-0.005652102379323922
2019-07-09,0.004655397826060607
2019-07-10,0.004061244737572276
2019-07-11,0.012659443764764942
2019-07-12,0.00011546204146700365
2019-07-15,-0.0025624231642925864
2019-07-16,0.0036496414489474815
2019-07-17,-0.015598669537909397
2019-07-18,-0.002343588354052983
2019-07-19,-0.0017596266932238228
2019-07-22,0.0007170421150928246
2019-07-23,0.01011838522601758
2019-07-24,-0.0018493974716065663
2019-07-25,0.0014899352695322897
2019-07-26,0.0057641365426024625
2019-07-29,-0.005999537179864491
2019-07-30,-0.00038300153306218077
2019-07-31,-0.014406708786520724
2019-08-01,-0.031384264605102526
2019-08-02,-0.012708159771588873
2019-08-05,-0.04488902318091924
2019-08-06,0.00868093128291988
2019-08-07,-0.012395366240973307
2019-08-08,0.018682698839587793
2019-08-09,0.00019079667140892587
2019-08-12,-0.029974095230943833
2019-08-13,0.018893978535708872
2019-08-14,-0.04213270053906064
2019-08-15,-0.01190069153693184
2019-08-16,0.011201403514016859
2019-08-19,0.022267905823588934
2019-08-20,-0.014138226612994518
2019-08-21,0.009006862565185889
2019-08-22,0.007980224621082705
2019-08-23,-0.03668312827754451
2019-08-26,0.010979545118820728
2019-08-27,-0.016424095566301776
2019-08-28,-0.0025809289076875273
2019-08-29,0.020979582190996632
2019-08-30,-0.0022617120912570123
2019-09-03,-0.014921637778768138
2019-09-04,0.0045557099130532665
2019-09-05,0.03580938651181766
2019-09-06,-0.0033062696722708585
2019-09-09,0.01810560822889629
2019-09-10,0.019450991567804783
2019-09-11,0.011542199718833437
2019-09-12,0.014893047376832832
2019-09-13,0.023828177449691047
2019-09-16,-0.015133390069194744
2019-09-17,-0.00480400613314359
2019-09-18,-0.005575515105704535
2019-09-19,-0.0026846467371375027
2019-09-20,-0.007251782304276883
2019-09-23,-0.010916480858358816
2019-09-24,-0.022543299164253402
2019-09-25,0.02673741425300047
2019-09-26,-0.012463633181890461
2019-09-27,-0.005579277962059443
2019-09-30,0.0030209461291490357
2019-10-01,-0.01487279924320581
2019-10-02,-0.022691985543978735
2019-10-03,-0.01056334838485535
2019-10-04,0.002963585584030777
2019-10-07,0.007216227617051776
2019-10-08,-0.013552336085396872
2019-10-09,0.018746959135037582
2019-10-10,0.02083999063082019
2019-10-11,0.02858611808652364
2019-10-14,-0.0051944265923267
2019-10-15,0.014620003454241613
2019-10-16,-0.006429759713130278
2019-10-17,0.003709613130589092
2019-10-18,-0.004639336503294992
2019-10-21,0.01428179897405881
2019-10-22,-0.007538380526273217
2019-10-23,-0.00033555168203358793
2019-10-24,0.0027398375054816875
2019-10-25,0.010288635755139745
2019-10-28,0.014725054280944694
2019-10-29,-0.004404238852850357
2019-10-30,-0.006198977737501363
2019-10-31,-0.02635840836357216
2019-11-01,0.014427412506991956
2019-11-04,0.015423864926785779
2019-11-05,0.016815615432476987
2019-11-06,-0.010883759685772598
2019-11-07,0.02560020730848862
2019-11-08,0.0029855903128203545
2019-11-11,0.0008853488898558155
2019-11-12,-0.006123379644810664
2019-11-13,-0.007829683781710261
2019-11-14,-0.011439158100601764
2019-11-15,0.008765165231209376
2019-11-18,-0.005409434042707148
2019-11-19,-0.005252763913175839
2019-11-20,-0.013155330966204606
2019-11-21,0.006799108245125375
2019-11-22,0.0017547781319312793
2019-11-25,0.0022263828360614356
2019-11-26,-0.004163650555359114
2019-11-27,0.008658662160081524
2019-11-29,-0.00037937702283731903
2019-12-02,0.008089156200155153
2019-12-03,-0.03266848490987665
2019-12-04,0.020288840713382036
2019-12-05,0.004476924734871067
2019-12-06,0.015349870036780485
2019-12-09,-0.0047337300714718564
2019-12-10,0.00021530684190493028
2019-12-11,-0.0077529735383047756
2019-12-12,0.028346427938602148
2019-12-13,-0.016751158367064534
2019-12-16,0.020012435276578207
2019-12-17,-0.0004335904404015027
2019-12-18,0.0070840621418360485
2019-12-19,-0.0006706911482994835
2019-12-20,0.004841927038617629
2019-12-23,0.004257782825757133
2019-12-24,-0.005318909312527733
2019-12-26,0.0020205450369683905
2019-12-27,-0.006542343388176784
2019-12-30,0.0009789101879832912
2019-12-31,0.006799175971405655
2020-01-02,-0.002781345776117744
2020-01-03,-0.024745887671066738
2020-01-06,0.007228888433050343
2020-01-07,0.001834141466425527
2020-01-08,0.013094231882832794
2020-01-09,0.0005501296978103398
2020-01-10,-0.008883817007259001
2020-01-13,0.009180791184346223
2020-01-14,-0.00745621924447744
2020-01-15,-0.005534651206261119
2020-01-16,0.009669666465595009
2020-01-17,0.008238857408776645
2020-01-21,-0.016463231474291847
2020-01-22,0.00017342057800864486
2020-01-23,-0.005927534948035547
2020-01-24,-0.019248480729636093
2020-01-27,-0.02801948443680792
2020-01-28,0.01487485546078383
2020-01-29,-0.012144055232826587
2020-01-30,-0.00725978254256663
2020-01-31,-0.020595708118394066
2020-02-03,0.00433705545673955
2020-02-04,0.030188221262236293
2020-02-05,0.01802953578873291
2020-02-06,0.0007773954528814599
2020-02-07,-0.01963895009625442
2020-02-10,-0.0035564203793042983
2020-02-11,0.011978802396119606
2020-02-12,0.013803501730449395
2020-02-13,-0.004182042345825376
2020-02-14,-0.006133766544760765
2020-02-18,-0.009897319583803263
2020-02-19,0.006399741246729589
2020-02-20,-0.013926193794326257
2020-02-21,-0.020765078591152626
2020-02-24,-0.04686693195214299
2020-02-25,-0.0323400332436853
2020-02-26,-0.00833217078112541
2020-02-27,-0.030473816514031755
2020-03-02,-0.048858378203132255
2020-03-03,-0.046862643501073845
2020-03-04,0.017608805835851265
2020-04-27,-0.2157103155420827
2020-04-28,-0.032234436493245734
2020-04-29,0.026737030005939962
2020-04-30,-0.008755662214501634
2020-05-01,-0.004416816555167522
2020-05-04,-0.0005829626099303768
2020-05-05,0.017765694206310835
2020-05-06,0.027393047312525703
2020-05-07,-0.04088327885394206
2020-05-08,0.041127995437045956
2020-05-11,0.025088001362298343
2020-05-12,-0.039789132013465595
2020-05-13,-0.028056017474656962
2020-05-14,-0.01205560876492272
2020-05-15,0.015696346248232712
2020-05-18,0.07883828707996085
2020-05-19,-0.02447128590644113
2020-05-20,-0.00792346829572837
2020-05-21,-0.006451003466836424
2020-05-22,-0.010584322995221811
2020-05-26,0.03154260945506547
2020-05-27,-0.0016194570598270681
2020-05-28,0.013175904585401282
2020-05-29,-0.03084235580613033
2020-06-01,0.010796472831655468
2020-06-02,0.01563728518196441
2020-06-03,0.05315021037681935
2020-06-04,0.02784376779937317
2020-06-05,0.05453441227291845
2020-06-08,-0.001767116785319144
2020-06-09,-0.030392612403742445
2020-06-10,-0.04432320869518144
2020-06-12,-0.055766751354805605
2020-06-15,0.006679793160264815
2020-06-16,0.04091407874831195
2020-06-17,-0.014522348790485166
2020-06-18,-0.02151305654298625
2020-06-19,-0.0016739160114605733
2020-06-22,0.00788161664509574
2020-06-23,0.005409766989613943
2020-06-24,-0.030076189155607832
2020-06-25,0.0006487797450143058
2020-06-26,-0.03792777040440845
2020-06-29,0.008747332868120147
2020-06-30,0.01972684837862273
2020-07-01,0.02038674065774989
2020-07-02,-0.004979628216403329
2020-07-06,0.018323692743820872
2020-07-07,-0.026920732210114408
2020-07-08,0.006520111232129425
2020-07-09,-0.033935209020842495
2020-07-10,0.024343869144272876
2020-07-13,-0.001244904631358049
2020-07-14,-0.007947967925680966
2020-07-15,0.015063645563139934
2020-07-16,-0.013642168330031151
2020-07-17,0.012029911978286756
2020-07-20,-0.00010520730576055355
2020-07-21,-0.007469704666644988
2020-07-22,-0.004548552215939145
2020-07-23,-0.016274217608759533
2020-07-24,0.0010564894882689924
2020-07-27,0.017777617835436972
2020-07-28,-0.022723703800220187
2020-07-29,0.0060317760179166135
2020-07-30,-0.029407651567232195
2020-07-31,0.0008706982527186121
2020-08-03,0.023951411062778795
2020-08-04,-0.033481864885840096
2020-08-05,0.025022462434753888
2020-08-06,-0.0013457653236875877
2020-08-07,0.019326746497459874
2020-08-10,0.010094115028875035
2020-08-11,0.04982957545896273
2020-08-12,0.015568828401737182
2020-08-13,0.02533141971554535
2020-08-14,-0.004033010906273863
2020-08-17,-0.013320538961364784
2020-08-18,-0.006903874325024452
2020-08-19,0.0009229676783912327
2020-08-20,-0.01691340396075489
2020-08-21,-0.00043110500092982283
2020-08-24,0.009728726255994243
2020-08-25,0.02384597343974082
2020-08-26,0.009008251861497575
2020-08-27,0.033959520069233154
2020-08-28,-0.005194756396858835
2020-08-31,-0.021575892323745755
2020-09-01,-0.007810580741075644
2020-09-02,-0.0035500297833092314
2020-09-03,-0.0396824038289655
2020-09-04,0.054179871588131034
2020-09-08,-0.037961785123460795
2020-09-09,0.022926442304281945
2020-09-10,-0.021019972737384172
2020-09-11,-0.009134136874497363
2020-09-14,0.00879081634995802
2020-09-15,0.007864277317101057
2020-09-16,0.0019074523280495806
2020-09-17,-0.006819297029694656
2020-09-18,-0.0009417346402547117
2020-09-21,-0.020464268854399767
2020-09-22,0.0020829973425702157
2020-09-23,-0.007240018061997543
2020-09-24,-0.00417155314895194
2020-09-25,0.005283791518841674
2020-09-28,0.012009902351378545
2020-09-29,-0.01390444332742262
2020-09-30,0.024300291645820996
2020-10-01,0.0031673697385770465
2020-10-02,0.005297063909499296
2020-10-05,0.04692664781821282
2020-10-06,-0.0190821851458118
2020-10-07,0.03288211021161758
2020-10-08,-0.005536246688815032
2020-10-09,0.010447930493499572
2020-10-12,0.010800463961186243
2020-10-13,-0.030401690315580772
2020-10-14,-0.006747636072223329
2020-10-15,0.004037976041200466
2020-10-16,0.007131982400772211
2020-10-19,-0.000841890162944026
2020-10-20,0.021318252796353833
2020-10-21,0.008104999129820325
2020-10-22,0.01850972748962491
2020-10-23,-0.0012516728597627312
2020-10-26,-0.030750979181469178
2020-10-27,-0.013471893360975443
2020-10-29,0.01385266115967584
2020-10-30,0.004478054624189407
2020-11-02,0.002196471922734238
2020-11-03,0.025838814463634157
2020-11-04,-0.042276423465068276
2020-11-05,0.015709082601334416
2020-11-06,0.02188805879172276
2020-11-09,0.06919656521375597
2020-11-10,0.004962744848814147
2020-11-11,-0.0012295729635398234
2020-11-12,-0.03772125021567884
2020-11-13,0.011710709671840822
2020-11-16,0.012729536029964402
2020-11-17,-0.018182036748541665
2020-11-18,-0.0024176507337145114
2020-11-19,-0.010541165618152342
2020-11-20,-0.015973846771796835
2020-11-23,0.016659169018874233
2020-11-24,0.02112114655929234
2020-11-25,-0.0027695934349219087
2020-11-27,-0.015310171075626686
2020-11-30,-0.0018147044527352346
2020-12-01,0.04725447697251194
2020-12-02,0.007024963627537196
2020-12-03,-0.01236694271144957
2020-12-04,0.02603484023216806
2020-12-07,-0.018455663735268156
2020-12-08,-0.004848372096188929
2020-12-09,0.007294323572540734
2020-12-10,-0.015051061985062692
2020-12-11,-0.007422591589246487
2020-12-14,-0.0030694464889671584
2020-12-15,0.02136831170976095
2020-12-16,-0.00023947364974888884
2020-12-17,0.007769047947227455
2020-12-18,0.005557591030146379
2020-12-21,-0.005312914480920413
2020-12-22,-0.011143447394614842
2020-12-23,0.016252900396702786
2020-12-24,-0.0093536376096993
2020-12-28,0.007360235318842449
2020-12-29,-0.0004813985613331238
2020-12-30,-0.003064530431882427
2020-12-31,-5.578358889800784e-05
2021-01-04,-0.008918857627215473
2021-01-05,0.020476121001429273
2021-01-06,0.03829054298623933
2021-01-07,0.019823266605188624
2021-01-08,0.01578713422197901
2021-01-11,0.005710443666511315
2021-01-12,0.0023639783937253324
2021-01-13,-0.016608623360483528
2021-01-14,0.012540106868426047
2021-01-15,-0.015830822739848885
2021-01-19,0.003034754744737838
2021-01-20,0.00757038744761993
2021-01-21,0.007102384803436798
2021-01-22,-0.00835469484519595
2021-01-25,-0.01698400730745393
2021-01-26,-0.0008939658966921006
2021-01-27,-0.02573507464908783
2021-01-28,0.022440692525160177
2021-01-29,0.0016963787046726572
2021-02-01,0.0036558439856054295
2021-02-02,0.01854789076468015
2021-02-03,0.009907709171039326
2021-02-04,0.009296309108119925
2021-02-05,0.013075142400696287
2021-02-08,0.0009897701712670544
2021-02-09,-0.0017043172991003702
2021-02-10,-0.008591708662736995
2021-02-11,0.009726795371627675
2021-02-12,0.017070872142899027
2021-02-16,0.031367603389249994
2021-02-17,0.00042310479893166344
2021-02-18,-0.006983094986626148
2021-02-19,0.016518089204085956
2021-02-22,0.0027089478618728324
2021-02-23,-0.001589299831361299
2021-02-24,0.014624563134322565
2021-02-25,0.020653794432262736
2021-02-26,-0.01843980798541427
2021-03-01,0.010253163150705135
2021-03-02,-0.013536849543833957
2021-03-03,0.007361764909990036
2021-03-04,0.013092169126998201
2021-03-05,0.012615959669417223
2021-03-08,0.007443096748711386
2021-03-09,-0.004298567116869691
2021-03-10,-0.0031769298665487804
2021-03-11,0.008042963880601427
2021-03-12,0.027944051898914714
2021-03-15,-0.003026922642400753
2021-03-16,0.002527126581581186
2021-03-17,0.006630169727747727
2021-03-18,0.012203899027480081
2021-03-19,0.00010042329617793649
2021-03-22,-0.00704161842288551
2021-03-23,-0.015674443857068766
2021-03-24,-0.009193580205777612
2021-03-25,0.003135950059637574
2021-03-26,0.02113746537814149
2021-03-29,0.013914130015415176
2021-03-30,-0.000737268548588198
2021-03-31,0.006777941127655417
2021-04-01,-0.008598140499019236
2021-04-05,0.01825135963165961
2021-04-06,-0.01575209918617115
2021-04-07,0.00015918750010303058
2021-04-08,-0.0025871811419097097
2021-04-09,0.01286189730306601
2021-04-12,0.002037376320190813
2021-04-13,-0.010641289838359822
2021-04-14,0.0012222126155046267
2021-04-15,-0.020663449444390383
2021-04-16,0.01324814534230228
2021-04-19,0.0038651095278929596
2021-04-20,-0.01395986820981391
2021-04-21,0.006069642236819952
2021-04-22,-0.008117756315373065
2021-04-23,0.00985393338719763
2021-04-26,0.001833478463367637
2021-04-27,0.01290476460668098
2021-04-28,-0.001001054780567931
2021-04-29,0.008952057292319087
2021-04-30,-0.006533581549082932
2021-05-03,-0.004283113716382188
2021-05-04,-0.007771638648588492
2021-05-05,-0.0015931918280896475
2021-05-06,-0.0009712815650823143
2021-05-07,0.008486849682285937
2021-05-10,-2.8780756222935786e-06
2021-05-11,0.00022869611863782918
2021-05-12,0.004106554110125659
2021-05-13,0.0008367954938596888
2021-05-14,0.0008916690866704689
2021-05-17,-0.00029858107152521004
2021-05-18,-0.004644762021162935
2021-05-19,0.008096512862194722
2021-05-20,-0.005519116201838415
2021-05-21,-0.0009604025093096346
2021-05-24,-8.518381766631222e-06
2021-05-25,-0.012374345974749405
2021-05-26,0.00367443523858878
2021-05-27,0.009744396566090722
2021-05-28,-0.00680950746974665
2021-06-01,0.008215496365576733
2021-06-02,-0.005121361697947666
2021-06-03,0.006276854567249033
2021-06-04,-0.01105163045020507
2021-06-07,0.0018228433648151197
2021-06-08,-0.010486509680696107
2021-06-09,-0.011437303613877146
2021-06-10,-0.005356513160265159
2021-06-11,0.0019895658195993593
2021-06-14,0.011618619421617496
2021-06-15,-0.0017415903076111192
2021-06-16,0.01501329353239099
2021-06-17,-0.015328194123087335
2021-06-18,-0.024410060847498694
2021-06-21,0.01761411153847335
2021-06-22,-0.00018079643068287824
2021-06-23,0.003405132701454161
2021-06-24,0.0034766577275501353
2021-06-25,0.014963431353172685
2021-06-28,-0.014009342909808816
2021-06-29,0.0007072777699805505
2021-06-30,-0.009330772662395802
2021-07-01,0.013251964575492962
2021-07-02,-0.008984184098318977
2021-07-06,-0.01863944296404612
2021-07-07,-0.012556685244208103
2021-07-08,-0.015278085534939784
2021-07-09,0.027308308372190622
2021-07-12,0.004126751005123019
2021-07-13,0.012862723504648444
2021-07-14,-0.016337587661832773
2021-07-15,-0.019754626469094292
2021-07-16,-0.0036163356109268326
2021-07-19,-0.04799914700701808
2021-07-20,0.018402096468161225
2021-07-21,0.027751421415862728
2021-07-22,-0.0035063943579307713
2021-07-23,0.01264240956234532
2021-07-26,-0.001694953181373534
2021-07-27,-0.016221871490558003
2021-07-28,0.008545907369446814
2021-07-29,0.005048056842885223
2021-07-30,-0.012822291440543643
2021-08-02,-0.0226618354427325
2021-08-03,0.005582819258961889
2021-08-04,-7.401012325048513e-05
2021-08-05,0.01458859996429265
2021-08-06,0.024305666140267707
2021-08-09,0.007721492983038033
2021-08-10,0.008117151203226671
2021-08-11,-0.003128748518721104
2021-08-12,0.01375939224975529
2021-08-13,-0.02006223083829461
2021-08-16,-0.01095996223272385
2021-08-17,-0.003933339769989058
2021-08-18,-0.0017427317440165983
2021-08-19,-0.00910779829262812
2021-08-20,0.010620659509152676
2021-08-23,0.00350214294652935
2021-08-24,0.011899419288391435
2021-08-25,0.0171381366148702
2021-08-26,-0.003505169896561594
2021-08-27,-0.0037818875121370865
2021-08-30,-0.00573921584465276
2021-08-31,0.005061098446902227
2021-09-01,-0.0004269759305624474
2021-09-02,-0.0007621805550601288
2021-09-03,0.008361964724381167
2021-09-07,0.012225181205508424
2021-09-08,-0.011443182992789735
2021-09-09,-0.013404622003087731
2021-09-10,0.008076795974266894
2021-09-13,-0.003738906554817848
2021-09-14,-0.017915496387254856
2021-09-15,0.01343215279178703
2021-09-16,0.007266208507726742
2021-09-17,0.0060605122822888075
2021-09-20,-0.028492744530231123
2021-09-21,0.004069970665080815
2021-09-22,0.009293787607143462
2021-09-23,0.028800860742228433
2021-09-24,0.014814678139217967
2021-09-27,0.004853718066766985
2021-09-28,0.0009104515716221572
2021-09-29,0.002761905991122091
2021-09-30,-0.01031576427482686
2021-10-01,-0.006443544975628433
2021-10-04,-0.007302037550831699
2021-10-05,0.01904029306443537
2021-10-06,0.0011464530259802529
2021-10-07,0.0171079664737187
2021-10-08,0.007415234814675382
2021-10-11,-0.001896953651479673
2021-10-12,-0.009968092453171543
2021-10-13,-0.006115345181184447
2021-10-14,0.0023285699034104376
2021-10-15,0.01919459915445255
2021-10-18,0.0040467775895417345
2021-10-19,0.017095489887627907
2021-10-20,0.0024389851185359275
2021-10-21,0.011457132131427343
2021-10-22,-0.005687481514396541
2021-10-25,-0.0020211015457007203
2021-10-26,-0.0028427750362986825
2021-10-27,-0.025916499478261305
2021-10-28,0.015943549109277994
2021-10-29,-0.00164752829515751
2021-11-01,0.00567682871285497
2021-11-02,-0.004454125772084728
2021-11-03,0.011537158933907821
2021-11-04,-0.011677364065853294
2021-11-05,-0.016847745723659376
2021-11-08,0.012465533084645777
2021-11-09,-0.019859344254606285
2021-11-10,0.02928956966422006
2021-11-11,0.00033047299979335726
2021-11-12,0.009919656784361113
2021-11-15,0.010228125753699772
2021-11-16,0.0050165304763430734
2021-11-17,-0.008975197210030518
2021-11-18,-0.001730806375864544
2021-11-19,-0.014409081056727911
2021-11-22,0.02060911395537416
2021-11-23,0.011200585297191323
2021-11-24,-0.003939371464949911
2021-11-26,-0.055531346796852704
2021-11-29,0.0206183793838893
2021-11-30,-0.03490341484538373
2021-12-01,-0.009633924296780708
2021-12-02,0.0123429868503805
2021-12-03,-0.03520159481815762
2021-12-06,0.03322227750618021
2021-12-07,0.024927101049898814
2021-12-08,0.009610338085844158
2021-12-09,-0.010198786026043013
2021-12-10,0.006239889047421125
2021-12-13,-0.02336085433399048
2021-12-14,-0.0005858722347460658
2021-12-15,0.016624131753531415
2021-12-16,-0.016639036197694457
2021-12-17,-0.011870424224485015
2021-12-20,-0.0020509726853586343
2021-12-21,0.02929634953899568
2021-12-22,-0.0020752114973308427
2021-12-23,0.013485847612186307
2021-12-27,0.005018415035186951
2021-12-28,-0.0006063992393324242
2021-12-29,0.017244973253435016
2021-12-30,-0.00912179339987898
2021-12-31,-0.0023706506636605893
2022-01-03,0.03337990492133965
2022-01-04,0.00933131311958452
2022-01-05,-0.0029740216784349613
2022-01-06,0.005937018932053893
2022-01-07,0.006241071578946203
2022-01-10,0.001162347202990703
2022-01-11,-0.002243372655895994
2022-01-12,-0.00315189383432058
2022-01-13,-0.011867253324741697
2022-01-14,0.01450412737914592
2022-01-18,0.009325429289754312
2022-01-19,-0.014076382087953018
2022-01-20,-0.005347785670729796
2022-01-21,-0.03067916501038548
